id,username,email,created_at
1,rapidcanyon44,rapidcanyon44@seeded.app,2024-04-21 16:01:22
2,proudsignal76,proudsignal76@seeded.app,2024-04-05 17:43:42
3,harborengine37,harborengine37@seeded.app,2025-09-29 00:51:21
4,emberisland15,emberisland15@acme.dev,2024-02-22 00:01:08
5,proudsignal11,proudsignal11@example.com,2025-06-22 21:01:42
6,vividjourney15,vividjourney15@opswise.net,2024-06-25 10:50:09
7,goldengine60,goldengine60@seeded.app,2024-02-19 17:50:23
8,warmengine56,warmengine56@opswise.net,2024-09-19 21:40:37
9,mellownetwork72,mellownetwork72@hackstack.io,2024-01-30 00:03:12
10,warmlagoon71,warmlagoon71@seeded.app,2025-07-19 02:13:53
11,calmanchor37,calmanchor37@example.com,2025-03-30 19:35:08
12,quietzenith68,quietzenith68@acme.dev,2024-06-13 07:30:01
13,vividkernel78,vividkernel78@seeded.app,2025-11-23 20:47:58
14,opalcanyon35,opalcanyon35@acme.dev,2024-01-27 18:16:53
15,briskfield17,briskfield17@example.com,2025-08-16 18:52:52
16,youngzenith45,youngzenith45@relay.cloud,2025-10-09 05:56:47
17,silverquartz75,silverquartz75@relay.cloud,2025-03-27 17:47:50
18,jadedelta16,jadedelta16@example.com,2024-10-15 08:46:05
19,embervalley80,embervalley80@seeded.app,2025-12-28 08:34:33
20,warmengine82,warmengine82@example.com,2025-05-04 14:55:58
21,cobaltdelta33,cobaltdelta33@opswise.net,2024-08-11 16:09:09
22,quietcanyon55,quietcanyon55@hackstack.io,2024-11-12 00:16:56
23,proudengine88,proudengine88@opswise.net,2024-04-28 11:05:20
24,warmbeacon83,warmbeacon83@opswise.net,2024-05-18 18:37:26
25,embervalley67,embervalley67@hackstack.io,2024-04-07 08:33:24
26,emberuplink77,emberuplink77@hackstack.io,2024-10-14 09:18:05
27,ivoryyard06,ivoryyard06@acme.dev,2024-10-25 12:12:41
28,briskriver27,briskriver27@relay.cloud,2024-03-21 23:19:05
29,urbanfield57,urbanfield57@opswise.net,2024-02-17 22:05:12
30,goldbeacon62,goldbeacon62@example.com,2026-01-07 08:28:16
31,foresttrail65,foresttrail65@acme.dev,2025-06-13 06:06:21
32,cobaltnetwork00,cobaltnetwork00@relay.cloud,2025-01-02 13:04:55
33,dawnvalley52,dawnvalley52@relay.cloud,2024-11-05 09:36:29
34,cobaltpioneer19,cobaltpioneer19@seeded.app,2025-09-04 21:15:47
35,urbangarden39,urbangarden39@acme.dev,2025-09-11 00:44:50
36,opalbeacon69,opalbeacon69@opswise.net,2025-06-01 09:40:01
37,ivorydelta39,ivorydelta39@acme.dev,2025-11-11 06:11:55
38,rapidorbit47,rapidorbit47@seeded.app,2024-10-21 21:58:02
39,vividorbit34,vividorbit34@relay.cloud,2024-03-15 23:56:52
40,tidyvalley38,tidyvalley38@relay.cloud,2024-09-14 19:56:23
41,proudmeadow17,proudmeadow17@hackstack.io,2024-11-28 04:47:26
42,silvercanyon92,silvercanyon92@acme.dev,2025-01-04 18:16:48
43,ivorynetwork81,ivorynetwork81@hackstack.io,2025-01-29 11:18:59
44,harborpioneer09,harborpioneer09@relay.cloud,2024-05-05 02:53:38
45,clearriver69,clearriver69@hackstack.io,2026-01-21 12:11:51
46,livelyanchor45,livelyanchor45@seeded.app,2024-10-23 22:37:55
47,keenanchor93,keenanchor93@seeded.app,2024-04-12 09:47:34
48,tidyriver66,tidyriver66@example.com,2024-12-04 13:55:45
49,navymeadow62,navymeadow62@opswise.net,2024-06-23 07:05:34
50,youngengine89,youngengine89@hackstack.io,2025-01-23 07:55:26
51,rapidjourney44,rapidjourney44@hackstack.io,2025-05-15 19:05:17
52,tidyorbit94,tidyorbit94@hackstack.io,2025-12-19 16:09:43
53,mellowtrail78,mellowtrail78@opswise.net,2025-10-18 11:46:59
54,navygarden46,navygarden46@hackstack.io,2024-08-26 01:28:49
55,goldtrail21,goldtrail21@relay.cloud,2025-05-29 04:56:18
56,harborisland69,harborisland69@opswise.net,2025-05-25 16:28:59
57,livelyvalley02,livelyvalley02@hackstack.io,2024-07-02 01:37:27
58,opalpioneer29,opalpioneer29@acme.dev,2024-06-28 13:29:19
59,quietengine96,quietengine96@example.com,2026-01-19 19:49:47
60,clearkernel82,clearkernel82@opswise.net,2024-04-20 14:18:37
61,navyanchor98,navyanchor98@opswise.net,2025-10-15 04:14:11
62,tidyyard18,tidyyard18@example.com,2025-03-30 02:18:14
63,urbanquartz62,urbanquartz62@acme.dev,2025-10-14 13:55:52
64,harborkernel49,harborkernel49@relay.cloud,2024-09-22 18:37:18
65,rapidnetwork61,rapidnetwork61@acme.dev,2024-10-03 02:40:14
66,clearvalley85,clearvalley85@relay.cloud,2024-04-09 04:16:36
67,forestvalley36,forestvalley36@opswise.net,2025-08-01 11:37:04
68,opalgarden38,opalgarden38@hackstack.io,2025-03-24 00:08:19
69,jadepioneer94,jadepioneer94@relay.cloud,2025-08-28 02:43:58
70,quietlagoon09,quietlagoon09@opswise.net,2024-07-24 13:10:00
71,rapidpioneer36,rapidpioneer36@seeded.app,2025-10-03 10:04:23
72,dawnengine49,dawnengine49@seeded.app,2025-10-24 06:41:42
73,warmmeadow38,warmmeadow38@relay.cloud,2024-02-06 22:27:14
74,cobaltpioneer00,cobaltpioneer00@example.com,2024-04-02 21:15:26
75,rapidgarden46,rapidgarden46@seeded.app,2024-09-03 09:59:27
76,quietorbit47,quietorbit47@acme.dev,2024-02-10 18:38:30
77,proudtrail14,proudtrail14@opswise.net,2025-02-24 05:03:34
78,vividsignal20,vividsignal20@seeded.app,2025-07-24 18:06:38
79,urbanvalley00,urbanvalley00@opswise.net,2024-07-29 14:50:34
80,amberanchor99,amberanchor99@hackstack.io,2024-09-13 03:17:28
81,dawnyard32,dawnyard32@hackstack.io,2025-10-02 16:46:08
82,forestjourney32,forestjourney32@example.com,2024-06-24 21:57:35
83,dawnmeadow85,dawnmeadow85@relay.cloud,2024-03-10 22:44:39
84,ivoryyard79,ivoryyard79@seeded.app,2024-11-29 15:45:39
85,harborriver72,harborriver72@seeded.app,2024-04-06 01:00:58
86,ivorytrail04,ivorytrail04@opswise.net,2024-10-16 13:29:20
87,silverengine48,silverengine48@relay.cloud,2024-10-29 20:12:05
88,goldengine93,goldengine93@acme.dev,2024-03-03 02:51:57
89,urbanmeadow20,urbanmeadow20@opswise.net,2024-08-16 17:23:36
90,ambernetwork51,ambernetwork51@relay.cloud,2024-07-05 09:25:58
91,quietgarden65,quietgarden65@seeded.app,2024-09-03 05:49:39
92,keenkernel08,keenkernel08@relay.cloud,2024-06-26 10:43:30
93,harborfield79,harborfield79@relay.cloud,2025-11-24 01:00:26
94,amberlagoon40,amberlagoon40@seeded.app,2024-02-29 17:50:25
95,briskgarden40,briskgarden40@acme.dev,2024-08-12 19:35:46
96,mellowlagoon24,mellowlagoon24@seeded.app,2025-05-15 13:10:39
97,quietorbit07,quietorbit07@seeded.app,2025-09-03 12:04:19
98,tidytrail24,tidytrail24@hackstack.io,2024-10-13 15:24:29
99,jadeyard39,jadeyard39@opswise.net,2025-05-09 08:49:03
100,vividfield90,vividfield90@opswise.net,2025-01-22 14:58:58
101,keenmeadow84,keenmeadow84@acme.dev,2025-12-27 07:05:59
102,cleargarden07,cleargarden07@hackstack.io,2024-12-30 10:17:09
103,cobaltyard88,cobaltyard88@seeded.app,2024-09-18 04:33:32
104,mellowfield54,mellowfield54@example.com,2024-12-15 21:11:21
105,rapidanchor42,rapidanchor42@relay.cloud,2024-04-01 00:16:17
106,vividdelta46,vividdelta46@acme.dev,2024-10-18 16:34:25
107,cobaltnetwork13,cobaltnetwork13@opswise.net,2025-05-18 05:09:23
108,harborgarden91,harborgarden91@hackstack.io,2024-06-01 02:02:40
109,dawnwindow97,dawnwindow97@acme.dev,2025-02-23 16:08:20
110,keenengine83,keenengine83@seeded.app,2024-05-15 03:11:42
111,briskorbit71,briskorbit71@hackstack.io,2025-09-13 02:01:38
112,mellowmeadow38,mellowmeadow38@relay.cloud,2025-10-16 01:50:44
113,harborengine48,harborengine48@acme.dev,2024-01-03 15:23:18
114,brisktrail73,brisktrail73@relay.cloud,2025-05-27 18:15:25
115,briskjourney13,briskjourney13@opswise.net,2024-02-03 15:05:04
116,tidypioneer44,tidypioneer44@example.com,2025-08-29 23:52:21
117,opalfield44,opalfield44@example.com,2025-03-14 02:18:13
118,tidyfield59,tidyfield59@opswise.net,2024-01-07 14:15:21
119,quietorbit80,quietorbit80@relay.cloud,2024-05-17 13:39:48
120,warmdelta62,warmdelta62@example.com,2026-01-08 07:41:59
121,cobaltfield02,cobaltfield02@opswise.net,2025-06-11 22:20:29
122,urbanmeadow21,urbanmeadow21@relay.cloud,2024-09-07 00:27:29
123,navylagoon42,navylagoon42@hackstack.io,2024-10-07 21:08:46
124,keenuplink72,keenuplink72@example.com,2024-08-31 22:44:33
125,clearriver48,clearriver48@seeded.app,2025-01-13 22:29:10
126,vividnetwork94,vividnetwork94@seeded.app,2025-07-08 21:56:21
127,youngharvest48,youngharvest48@acme.dev,2025-01-18 01:13:26
128,ivorywindow04,ivorywindow04@hackstack.io,2024-11-25 10:55:09
129,emberriver76,emberriver76@relay.cloud,2025-05-06 20:23:48
130,quietpioneer05,quietpioneer05@opswise.net,2025-11-07 02:06:12
131,livelysignal78,livelysignal78@hackstack.io,2025-02-28 10:09:20
132,warmharvest87,warmharvest87@seeded.app,2024-07-19 13:28:59
133,opalmeadow84,opalmeadow84@opswise.net,2024-02-09 22:02:34
134,livelyyard37,livelyyard37@opswise.net,2025-07-19 00:34:15
135,dawnnetwork10,dawnnetwork10@hackstack.io,2024-05-28 16:19:18
136,embervalley34,embervalley34@opswise.net,2025-04-18 07:26:29
137,goldisland93,goldisland93@opswise.net,2025-06-28 02:35:40
138,harbormeadow13,harbormeadow13@relay.cloud,2025-08-23 08:51:27
139,emberlagoon56,emberlagoon56@seeded.app,2024-02-04 00:46:04
140,rapidcanyon01,rapidcanyon01@opswise.net,2025-10-13 14:20:21
141,jadebeacon74,jadebeacon74@hackstack.io,2025-08-28 06:35:52
142,warmdelta16,warmdelta16@relay.cloud,2025-10-08 03:46:29
143,keenjourney86,keenjourney86@seeded.app,2024-06-05 05:52:52
144,brisksignal22,brisksignal22@example.com,2025-02-22 01:37:33
145,warmsignal52,warmsignal52@hackstack.io,2025-05-10 15:44:01
146,opaljourney75,opaljourney75@hackstack.io,2025-03-27 11:51:48
147,warmanchor77,warmanchor77@acme.dev,2024-01-04 14:45:50
148,keenyard82,keenyard82@opswise.net,2024-04-11 05:26:43
149,proudfield59,proudfield59@seeded.app,2024-09-25 11:35:34
150,jadeengine08,jadeengine08@opswise.net,2024-12-02 13:28:33
151,ivorysignal26,ivorysignal26@example.com,2024-07-05 23:20:02
152,dawnsignal16,dawnsignal16@example.com,2026-01-06 14:45:13
153,amberuplink88,amberuplink88@acme.dev,2025-05-13 09:33:17
154,foresttrail15,foresttrail15@seeded.app,2024-07-17 08:32:09
155,embersignal90,embersignal90@hackstack.io,2025-07-17 14:42:57
156,warmsignal68,warmsignal68@hackstack.io,2025-10-06 02:18:04
157,keenpioneer94,keenpioneer94@seeded.app,2024-10-21 05:20:21
158,navyquartz68,navyquartz68@seeded.app,2026-01-21 12:40:29
159,silveryard19,silveryard19@relay.cloud,2024-02-21 04:48:29
160,warmmeadow70,warmmeadow70@acme.dev,2024-10-11 15:25:50
161,dawnlagoon43,dawnlagoon43@opswise.net,2024-11-04 15:08:49
162,emberzenith56,emberzenith56@relay.cloud,2025-10-23 23:59:00
163,vividanchor84,vividanchor84@example.com,2025-10-10 18:41:13
164,quietisland16,quietisland16@opswise.net,2025-11-18 15:29:44
165,ivoryvalley06,ivoryvalley06@seeded.app,2025-06-22 08:47:11
166,keenquartz28,keenquartz28@hackstack.io,2025-08-07 22:30:31
167,proudfield94,proudfield94@example.com,2024-01-21 01:21:12
168,calmmeadow29,calmmeadow29@opswise.net,2024-09-25 12:36:36
169,tidygarden81,tidygarden81@acme.dev,2025-09-17 18:44:23
170,opaluplink89,opaluplink89@acme.dev,2024-04-04 13:37:18
171,clearengine52,clearengine52@seeded.app,2025-09-11 10:43:04
172,vividorbit94,vividorbit94@seeded.app,2024-09-19 09:32:38
173,youngmeadow36,youngmeadow36@relay.cloud,2025-11-22 20:27:54
174,goldorbit51,goldorbit51@hackstack.io,2024-03-17 08:59:58
175,quietquartz79,quietquartz79@seeded.app,2024-03-08 21:00:18
176,warmuplink98,warmuplink98@acme.dev,2024-07-20 17:56:52
177,harborcanyon38,harborcanyon38@acme.dev,2025-05-20 18:25:05
178,warmriver23,warmriver23@example.com,2024-08-25 06:22:25
179,dawnuplink15,dawnuplink15@opswise.net,2024-10-25 00:16:18
180,cobaltvalley28,cobaltvalley28@seeded.app,2025-05-11 20:10:22
181,navydelta34,navydelta34@example.com,2025-08-31 23:31:05
182,goldbeacon22,goldbeacon22@relay.cloud,2025-09-05 11:20:11
183,calmorbit07,calmorbit07@acme.dev,2024-07-13 14:41:38
184,rapidriver70,rapidriver70@opswise.net,2025-08-02 17:45:53
185,clearyard43,clearyard43@relay.cloud,2026-01-19 02:12:52
186,quietpioneer33,quietpioneer33@relay.cloud,2025-08-01 01:34:17
187,briskmeadow45,briskmeadow45@relay.cloud,2024-06-30 18:55:15
188,youngyard52,youngyard52@opswise.net,2025-06-15 15:50:17
189,tidytrail25,tidytrail25@acme.dev,2024-01-12 14:14:04
190,jadeuplink61,jadeuplink61@seeded.app,2024-09-22 01:52:54
191,quietlagoon26,quietlagoon26@seeded.app,2024-06-18 08:03:48
192,urbanfield95,urbanfield95@example.com,2025-11-23 21:32:34
193,emberriver86,emberriver86@relay.cloud,2025-02-07 13:26:13
194,youngbeacon06,youngbeacon06@seeded.app,2025-07-15 19:17:20
195,harborcanyon31,harborcanyon31@acme.dev,2024-02-07 22:37:54
196,navykernel13,navykernel13@opswise.net,2024-02-04 22:46:14
197,emberzenith53,emberzenith53@relay.cloud,2024-05-20 12:54:58
198,rapidengine22,rapidengine22@seeded.app,2025-07-20 10:22:48
199,clearsignal53,clearsignal53@acme.dev,2025-02-07 12:54:24
200,silversignal41,silversignal41@hackstack.io,2024-04-11 09:56:18
201,keenengine19,keenengine19@seeded.app,2025-06-01 17:53:45
202,urbananchor98,urbananchor98@relay.cloud,2025-12-17 18:49:35
203,ivorykernel77,ivorykernel77@relay.cloud,2024-03-16 07:16:49
204,vividyard48,vividyard48@relay.cloud,2024-06-16 20:38:23
205,emberharvest25,emberharvest25@example.com,2024-02-20 20:38:47
206,jaderiver34,jaderiver34@example.com,2025-02-17 13:46:12
207,rapidkernel22,rapidkernel22@acme.dev,2024-12-06 13:17:02
208,youngtrail54,youngtrail54@seeded.app,2025-02-27 08:35:44
209,quietgarden92,quietgarden92@opswise.net,2025-12-11 11:16:50
210,silvernetwork71,silvernetwork71@seeded.app,2025-12-22 04:17:37
211,silvergarden88,silvergarden88@example.com,2026-01-15 03:36:12
212,silvermeadow07,silvermeadow07@relay.cloud,2024-08-04 14:39:31
213,forestsignal17,forestsignal17@acme.dev,2026-01-13 10:11:43
214,quietbeacon70,quietbeacon70@seeded.app,2025-05-15 19:08:36
215,amberzenith52,amberzenith52@opswise.net,2024-12-19 21:35:15
216,ivoryengine94,ivoryengine94@hackstack.io,2026-01-27 09:26:37
217,harborisland02,harborisland02@seeded.app,2025-04-23 23:43:20
218,keencanyon14,keencanyon14@example.com,2025-10-22 03:20:40
219,keengarden55,keengarden55@example.com,2025-01-11 06:40:34
220,vividlagoon27,vividlagoon27@acme.dev,2025-11-22 11:30:39
221,opalriver20,opalriver20@acme.dev,2024-10-04 03:20:44
222,opalquartz52,opalquartz52@opswise.net,2024-07-25 04:25:10
223,forestcanyon23,forestcanyon23@acme.dev,2025-04-24 03:32:32
224,tidyyard12,tidyyard12@hackstack.io,2025-10-28 13:09:38
225,navyjourney68,navyjourney68@opswise.net,2024-05-18 12:48:19
226,mellowlagoon48,mellowlagoon48@hackstack.io,2024-06-24 18:38:35
227,cobaltorbit40,cobaltorbit40@example.com,2024-02-24 17:23:21
228,forestengine06,forestengine06@example.com,2025-09-09 06:33:53
229,silvernetwork03,silvernetwork03@acme.dev,2025-09-13 06:38:53
230,ivorylagoon96,ivorylagoon96@acme.dev,2024-01-24 19:47:22
231,vividlagoon74,vividlagoon74@acme.dev,2025-06-17 16:12:41
232,keenfield57,keenfield57@hackstack.io,2025-06-16 23:16:45
233,amberjourney66,amberjourney66@relay.cloud,2024-07-09 11:36:37
234,silveruplink03,silveruplink03@relay.cloud,2024-09-20 22:04:47
235,ivorynetwork32,ivorynetwork32@example.com,2025-01-14 09:58:38
236,ambercanyon11,ambercanyon11@opswise.net,2025-08-06 17:10:04
237,keenyard78,keenyard78@seeded.app,2025-09-12 12:11:48
238,proudmeadow96,proudmeadow96@relay.cloud,2024-06-21 09:17:52
239,prouduplink12,prouduplink12@opswise.net,2025-01-15 20:36:00
240,urbanpioneer65,urbanpioneer65@example.com,2025-10-31 12:21:10
241,urbannetwork55,urbannetwork55@seeded.app,2025-12-06 06:49:56
242,harborlagoon36,harborlagoon36@seeded.app,2024-09-05 22:15:47
243,urbanorbit23,urbanorbit23@relay.cloud,2024-11-21 02:10:18
244,briskdelta61,briskdelta61@example.com,2026-01-22 02:30:59
245,rapidriver84,rapidriver84@relay.cloud,2025-06-28 20:15:32
246,quietwindow04,quietwindow04@acme.dev,2024-08-09 01:35:14
247,amberjourney86,amberjourney86@hackstack.io,2024-12-01 09:12:32
248,rapidorbit47,rapidorbit47@relay.cloud,2024-04-08 06:45:08
249,dawnanchor73,dawnanchor73@opswise.net,2025-03-15 15:31:20
250,vividengine78,vividengine78@relay.cloud,2024-02-20 10:34:11
251,forestuplink46,forestuplink46@example.com,2024-04-09 18:59:02
252,briskcanyon82,briskcanyon82@hackstack.io,2024-11-20 16:08:42
253,ivoryzenith19,ivoryzenith19@hackstack.io,2024-09-29 11:52:24
254,dawnisland96,dawnisland96@acme.dev,2025-04-21 19:28:32
255,briskmeadow22,briskmeadow22@opswise.net,2024-03-04 16:24:01
256,navyuplink17,navyuplink17@opswise.net,2024-08-31 02:31:54
257,youngcanyon73,youngcanyon73@relay.cloud,2025-11-17 12:07:05
258,mellowbeacon30,mellowbeacon30@acme.dev,2025-10-05 17:44:38
259,keenengine42,keenengine42@opswise.net,2024-01-12 16:32:54
260,silveruplink90,silveruplink90@example.com,2024-10-20 02:45:10
261,calmtrail17,calmtrail17@hackstack.io,2024-06-14 01:15:09
262,ivorybeacon21,ivorybeacon21@seeded.app,2024-07-17 07:25:41
263,warmtrail06,warmtrail06@acme.dev,2025-08-01 17:34:49
264,vividbeacon96,vividbeacon96@opswise.net,2024-11-14 03:37:29
265,proudgarden82,proudgarden82@example.com,2024-07-25 21:30:24
266,goldanchor21,goldanchor21@example.com,2025-06-14 09:13:16
267,vividmeadow88,vividmeadow88@hackstack.io,2025-02-04 04:29:45
268,emberquartz55,emberquartz55@relay.cloud,2024-05-19 03:29:29
269,amberengine70,amberengine70@relay.cloud,2025-06-19 08:43:50
270,goldtrail07,goldtrail07@relay.cloud,2025-03-13 16:06:57
271,navypioneer12,navypioneer12@hackstack.io,2024-09-10 01:21:15
272,younglagoon43,younglagoon43@hackstack.io,2024-09-13 00:21:56
273,vividsignal62,vividsignal62@relay.cloud,2025-03-29 00:50:02
274,ivorybeacon93,ivorybeacon93@opswise.net,2025-10-06 01:28:30
275,keenvalley62,keenvalley62@example.com,2024-09-26 01:12:15
276,ivoryjourney65,ivoryjourney65@example.com,2024-02-05 10:57:59
277,rapidpioneer05,rapidpioneer05@relay.cloud,2025-04-25 16:37:13
278,emberlagoon82,emberlagoon82@seeded.app,2024-12-15 02:43:09
279,vividcanyon10,vividcanyon10@opswise.net,2024-02-04 18:42:56
280,jadeisland35,jadeisland35@example.com,2024-11-03 14:04:13
281,youngriver37,youngriver37@seeded.app,2025-11-22 14:54:02
282,rapidtrail02,rapidtrail02@seeded.app,2025-04-15 02:53:36
283,livelynetwork46,livelynetwork46@seeded.app,2024-08-24 12:25:48
284,mellowdelta64,mellowdelta64@opswise.net,2025-03-15 07:43:29
285,mellowfield21,mellowfield21@relay.cloud,2025-01-25 18:35:43
286,vividcanyon64,vividcanyon64@acme.dev,2025-12-23 20:14:28
287,goldlagoon44,goldlagoon44@example.com,2024-07-29 20:17:53
288,forestmeadow91,forestmeadow91@acme.dev,2024-10-19 00:33:11
289,emberwindow19,emberwindow19@opswise.net,2025-05-31 09:39:02
290,prouduplink13,prouduplink13@opswise.net,2025-06-02 12:13:37
291,warmriver39,warmriver39@hackstack.io,2024-03-01 11:23:01
292,tidykernel02,tidykernel02@seeded.app,2025-02-15 12:01:53
293,goldsignal25,goldsignal25@seeded.app,2026-01-07 08:30:06
294,quietquartz23,quietquartz23@relay.cloud,2024-08-10 21:48:06
295,forestyard05,forestyard05@example.com,2025-11-15 06:01:15
296,warmzenith01,warmzenith01@opswise.net,2024-07-30 17:32:54
297,forestwindow95,forestwindow95@hackstack.io,2024-04-30 15:38:19
298,quiettrail37,quiettrail37@seeded.app,2024-04-23 07:19:50
299,briskgarden83,briskgarden83@relay.cloud,2024-11-05 23:32:43
300,rapidvalley17,rapidvalley17@acme.dev,2024-01-12 13:33:39
301,calmnetwork57,calmnetwork57@acme.dev,2024-12-12 22:19:16
302,calmisland60,calmisland60@example.com,2024-08-15 03:47:26
303,mellowfield57,mellowfield57@relay.cloud,2024-09-24 23:30:08
304,jadesignal27,jadesignal27@relay.cloud,2025-04-01 05:18:54
305,warmgarden84,warmgarden84@hackstack.io,2025-03-24 16:36:03
306,silveryard78,silveryard78@opswise.net,2025-11-21 06:48:04
307,keenengine35,keenengine35@acme.dev,2025-07-02 08:31:29
308,dawnriver82,dawnriver82@acme.dev,2024-10-19 20:57:13
309,briskvalley36,briskvalley36@relay.cloud,2026-01-25 06:43:34
310,jadejourney89,jadejourney89@seeded.app,2025-10-22 18:31:41
311,youngsignal63,youngsignal63@hackstack.io,2024-04-15 17:13:42
312,goldanchor69,goldanchor69@hackstack.io,2025-01-22 19:45:07
313,mellowriver31,mellowriver31@opswise.net,2025-09-06 08:40:45
314,briskfield80,briskfield80@hackstack.io,2025-03-25 14:06:07
315,ambercanyon49,ambercanyon49@seeded.app,2025-11-19 02:39:33
316,ivorycanyon54,ivorycanyon54@example.com,2024-02-10 19:29:29
317,vividriver74,vividriver74@example.com,2025-01-31 03:45:39
318,cobaltdelta10,cobaltdelta10@seeded.app,2026-01-29 03:34:51
319,urbanwindow18,urbanwindow18@example.com,2025-07-03 16:06:29
320,cobaltvalley83,cobaltvalley83@relay.cloud,2024-10-27 18:53:39
321,livelylagoon13,livelylagoon13@acme.dev,2024-12-10 22:26:01
322,rapidvalley24,rapidvalley24@relay.cloud,2025-04-25 08:28:57
323,navymeadow49,navymeadow49@relay.cloud,2024-03-16 05:52:15
324,foresttrail33,foresttrail33@opswise.net,2025-12-20 04:28:49
325,amberjourney97,amberjourney97@seeded.app,2025-08-25 12:57:41
326,dawngarden20,dawngarden20@acme.dev,2024-06-02 19:39:10
327,mellowgarden36,mellowgarden36@acme.dev,2024-05-19 12:48:00
328,livelyharvest98,livelyharvest98@acme.dev,2025-05-28 17:30:46
329,proudanchor00,proudanchor00@acme.dev,2024-03-17 11:20:03
330,amberyard45,amberyard45@hackstack.io,2025-08-11 10:22:58
331,vividfield05,vividfield05@opswise.net,2026-01-11 18:01:06
332,urbanvalley62,urbanvalley62@acme.dev,2024-06-02 10:06:53
333,harborengine66,harborengine66@hackstack.io,2025-04-20 15:14:56
334,clearquartz47,clearquartz47@acme.dev,2025-05-02 13:45:44
335,urbankernel74,urbankernel74@example.com,2025-09-27 16:37:50
336,jadefield83,jadefield83@seeded.app,2024-05-18 22:48:01
337,proudbeacon33,proudbeacon33@hackstack.io,2025-08-04 06:44:29
338,warmgarden56,warmgarden56@hackstack.io,2025-01-06 22:58:54
339,clearisland38,clearisland38@relay.cloud,2025-07-26 01:33:09
340,mellownetwork57,mellownetwork57@hackstack.io,2024-03-24 11:17:01
341,ivoryjourney35,ivoryjourney35@example.com,2024-01-11 16:54:19
342,cobaltjourney28,cobaltjourney28@acme.dev,2024-12-02 16:13:35
343,mellowfield46,mellowfield46@example.com,2025-02-11 10:37:54
344,urbanuplink35,urbanuplink35@seeded.app,2025-10-16 13:07:27
345,harborvalley57,harborvalley57@acme.dev,2026-01-07 02:32:33
346,rapidharvest99,rapidharvest99@seeded.app,2025-06-05 15:39:30
347,urbanyard78,urbanyard78@opswise.net,2025-03-13 02:11:27
348,youngengine37,youngengine37@acme.dev,2025-08-05 16:09:11
349,ivoryuplink52,ivoryuplink52@relay.cloud,2024-07-23 08:36:17
350,jadevalley09,jadevalley09@relay.cloud,2025-02-21 23:47:28
351,keenfield53,keenfield53@acme.dev,2024-04-28 13:08:33
352,urbanwindow60,urbanwindow60@opswise.net,2026-01-06 21:03:39
353,emberjourney97,emberjourney97@acme.dev,2024-10-23 09:48:29
354,amberbeacon39,amberbeacon39@acme.dev,2025-10-20 11:48:14
355,livelyengine41,livelyengine41@hackstack.io,2025-11-21 14:12:54
356,opalwindow19,opalwindow19@relay.cloud,2024-05-21 18:22:15
357,forestanchor31,forestanchor31@seeded.app,2025-04-08 02:06:53
358,youngjourney19,youngjourney19@seeded.app,2024-02-04 03:23:08
359,ivorynetwork63,ivorynetwork63@example.com,2025-01-08 13:13:40
360,livelygarden76,livelygarden76@example.com,2025-09-29 03:54:05
361,ivorywindow47,ivorywindow47@opswise.net,2025-10-22 10:29:16
362,warmbeacon13,warmbeacon13@seeded.app,2026-01-18 04:43:08
363,vividvalley49,vividvalley49@relay.cloud,2024-04-06 17:54:19
364,navywindow13,navywindow13@acme.dev,2024-04-17 12:21:18
365,briskisland44,briskisland44@hackstack.io,2025-01-12 10:00:23
366,clearanchor34,clearanchor34@hackstack.io,2024-06-28 23:32:36
367,clearorbit83,clearorbit83@opswise.net,2024-09-24 04:17:41
368,youngpioneer19,youngpioneer19@relay.cloud,2025-04-04 09:09:26
369,clearzenith85,clearzenith85@example.com,2025-09-17 08:56:35
370,urbanjourney73,urbanjourney73@opswise.net,2025-10-30 08:57:18
371,cobaltwindow70,cobaltwindow70@example.com,2024-03-29 14:13:38
372,urbanorbit05,urbanorbit05@relay.cloud,2024-07-13 01:24:11
373,livelydelta83,livelydelta83@opswise.net,2025-10-24 21:34:13
374,goldgarden05,goldgarden05@example.com,2025-06-26 15:50:22
375,harbornetwork54,harbornetwork54@hackstack.io,2024-08-14 21:21:59
376,forestcanyon38,forestcanyon38@example.com,2024-12-01 00:07:29
377,briskcanyon33,briskcanyon33@acme.dev,2024-07-15 23:02:12
378,youngvalley71,youngvalley71@seeded.app,2025-05-01 09:20:05
379,emberharvest73,emberharvest73@acme.dev,2024-03-17 20:18:10
380,emberanchor12,emberanchor12@seeded.app,2024-07-12 02:06:52
381,tidyzenith59,tidyzenith59@relay.cloud,2025-12-01 19:37:04
382,dawnwindow99,dawnwindow99@hackstack.io,2024-01-22 10:24:03
383,jadeisland13,jadeisland13@acme.dev,2025-08-16 19:43:53
384,quietengine56,quietengine56@acme.dev,2024-06-25 04:47:17
385,mellowkernel75,mellowkernel75@relay.cloud,2024-07-10 08:33:27
386,goldvalley25,goldvalley25@opswise.net,2025-10-09 10:40:52
387,quiettrail57,quiettrail57@opswise.net,2025-03-29 04:27:38
388,calmyard60,calmyard60@seeded.app,2024-05-07 23:26:56
389,vividbeacon69,vividbeacon69@acme.dev,2025-04-10 14:28:20
390,harboruplink49,harboruplink49@seeded.app,2024-03-04 11:59:53
391,keenjourney73,keenjourney73@seeded.app,2025-07-02 21:33:42
392,ivorymeadow96,ivorymeadow96@acme.dev,2025-03-04 22:50:26
393,urbandelta21,urbandelta21@relay.cloud,2025-07-18 17:31:44
394,tidyengine02,tidyengine02@seeded.app,2025-10-30 06:15:08
395,rapidtrail01,rapidtrail01@opswise.net,2024-07-22 15:32:14
396,emberorbit59,emberorbit59@acme.dev,2024-05-05 23:11:08
397,proudvalley56,proudvalley56@relay.cloud,2025-05-16 22:49:57
398,proudkernel04,proudkernel04@seeded.app,2024-12-10 21:48:44
399,navyfield69,navyfield69@relay.cloud,2024-04-02 23:20:47
400,youngriver59,youngriver59@seeded.app,2025-03-24 09:53:36
